{
  "results": {
    "primary": {
      "rho": -0.055773918521393434,
      "p": 0.0,
      "n": 2322977
    },
    "same_root_control": {
      "rho": -0.20712677819459963,
      "p": 0.0,
      "n": 80647
    },
    "binned": {
      "proximate_0_10": {
        "n": 72437,
        "mean_attention": 0.04031625592792914,
        "median_attention": 0.028799133375287056,
        "sd": 0.03193489432100759
      },
      "medial_11_25": {
        "n": 100032,
        "mean_attention": 0.04228712593980481,
        "median_attention": 0.02883584052324295,
        "sd": 0.03508062869512111
      },
      "medial_26_50": {
        "n": 164018,
        "mean_attention": 0.04117965177362087,
        "median_attention": 0.0291634202003479,
        "sd": 0.03274802695718558
      },
      "distal_51_100": {
        "n": 258366,
        "mean_attention": 0.03992098674543305,
        "median_attention": 0.02832317352294922,
        "sd": 0.03205370721018406
      },
      "distal_101_200": {
        "n": 311541,
        "mean_attention": 0.038500343996763574,
        "median_attention": 0.027305789291858673,
        "sd": 0.03144222482130449
      },
      "distal_201_plus": {
        "n": 1416583,
        "mean_attention": 0.03727883416098883,
        "median_attention": 0.026417244225740433,
        "sd": 0.0304254015825585
      }
    },
    "unadjusted": {
      "rho": -0.05215523200996329,
      "p": 0.0,
      "n": 2322977
    },
    "meta": {
      "timestamp": "2026-05-08T11:06:06.442410",
      "seed": 42,
      "n_records": 10672757
    },
    "permutation_null": {
      "observed_rho": -0.055773918521393434,
      "observed_n": 2322977,
      "n_permutations": 1000,
      "permuted_mean": -0.030090128191043335,
      "permuted_sd": 0.012660824896642496,
      "permuted_ci_95_pct": [
        -0.0558655933582232,
        -0.006062851311526326
      ],
      "empirical_p_two_tailed": 0.026,
      "abs_threshold_95th_pct": 0.051971127302402664,
      "passed": true,
      "interpretation": "Observed |ρ| = 0.0558; 95th-percentile of |permuted| = 0.0520; empirical p (two-tailed) = 0.0260. PASS: the Abjad signal IS specific to the actual Mashriqi mapping rather than a generic numerical-distance artifact."
    },
    "random_pair_baseline": {
      "observed_rho": -0.055773918521393434,
      "scrambled_rho": -0.016392009307018198,
      "scrambled_p": 8.845146858097084e-138,
      "scrambled_n": 2322977,
      "observed_minus_scrambled": -0.03938190921437523,
      "interpretation": "Observed cross-root ρ = -0.0558; random-pair scrambled ρ = -0.0164. PASS: scrambled ρ should be substantially smaller than observed if the effect is genuinely attention-mediated. If they are similar, the original signal is a corpus-level artifact (length, frequency, character-set correlations) rather than attention structure."
    }
  },
  "verdict": "VERDICT: POSITIVE RESULT — Abjad proximity predicts higher mutual attention (partial ρ = -0.0558, p = 0.0000e+00, n = 2,322,977) after controlling for positional distance and co-occurrence frequency. Word pairs with proximate Abjad values (low |Δabjad|) receive more attention from CAMeLBERT-ca than pairs with distal values. This is the predicted direction. Claim 3 is supported at the attention-weight level, distinct from the prior PMI null result at the frequency level."
}